INSERT INTO TypeAction (type_name)
VALUES 
('Temperature'), ('Humidity'), ('Motion'), ('Light'), ('Power'),
('Door'), ('Window'), ('Presence'), ('Water'), ('Air Quality');

INSERT INTO Rooms (room_name, floor)
VALUES
('Гостиная', 1), ('Кухня', 1), ('Спальня', 2), ('Ванная', 2), ('Кабинет', 1),
('Детская', 2), ('Коридор', 1), ('Балкон', 3), ('Гараж', 0), ('Подвал', -1);

INSERT INTO Users (username, password, email)
VALUES
('ivanov', 'pass123', 'ivanov@example.com'),
('petrov', 'qwerty', 'petrov@example.com'),
('sidorova', '123456', 'sidorova@example.com'),
('smirnov', 'password', 'smirnov@example.com'),
('kuznetsova', 'home123', 'kuznetsova@example.com'),
('popov', 'secure', 'popov@example.com'),
('volkova', 'volk123', 'volkova@example.com'),
('fedorov', 'fedor', 'fedorov@example.com'),
('nikolaeva', 'nikol', 'nikolaeva@example.com'),
('orlov', 'orlov123', 'orlov@example.com');

INSERT INTO Devices (device_name, status, room_id)
VALUES
('Кондиционер', 1, 1), ('Обогреватель', 0, 2), ('Лампа', 1, 3),
('Умная розетка', 1, 4), ('Датчик движения', 1, 5), ('Камера', 0, 6),
('Увлажнитель', 1, 7), ('Датчик двери', 1, 8), ('Датчик температуры', 1, 9),
('Система полива', 0, 10);

INSERT INTO UsersToDevices (device_id, user_id)
VALUES
(1, 1), (2, 2), (3, 3), (4, 4), (5, 5),
(6, 6), (7, 7), (8, 8), (9, 9), (10, 10);

INSERT INTO Device_Settings (device_id, setting_name, setting_value)
VALUES
(1, 'Температура', '22'), (2, 'Мощность', '50%'), (3, 'Яркость', '75%'),
(4, 'Расписание', '18:00-23:00'), (5, 'Чувствительность', 'Высокая'),
(6, 'Качество', 'HD'), (7, 'Уровень влажности', '60%'), 
(8, 'Режим', 'Ночной'), (9, 'Интервал опроса', '5 мин'), 
(10, 'Длительность полива', '10 мин');

INSERT INTO Sensor_Data (sensor_type_id, data)
VALUES
(1, 22.5), (2, 45.3), (3, 1), (4, 300), (5, 220),
(6, 0), (7, 1), (8, 0), (9, 0), (10, 85);

INSERT INTO Device_Data (device_id, data_id)
VALUES
(1, 1), (2, 2), (3, 3), (4, 4), (5, 5),
(6, 6), (7, 7), (8, 8), (9, 9), (10, 10);

INSERT INTO Events (event_name, event_type_id, timestamp)
VALUES
('Повышение температуры', 1, '2023-05-01 10:00'),
('Обнаружено движение', 3, '2023-05-01 10:05'),
('Дверь открыта', 6, '2023-05-01 10:10'),
('Высокая влажность', 2, '2023-05-01 10:15'),
('Низкое качество воздуха', 10, '2023-05-01 10:20'),
('Окно открыто', 7, '2023-05-01 10:25'),
('Обнаружен человек', 8, '2023-05-01 10:30'),
('Утечка воды', 9, '2023-05-01 10:35'),
('Выключение света', 4, '2023-05-01 10:40'),
('Скачок напряжения', 5, '2023-05-01 10:45');

INSERT INTO Automation_Rules (rule_name, trigger_event_id, action_device_id, action)
VALUES
('Охлаждение при высокой температуре', 1, 1, 'Включить на 22°C'),
('Освещение при движении', 2, 3, 'Включить на 5 минут'),
('Оповещение об открытии двери', 3, 6, 'Отправить уведомление'),
('Включение вентиляции', 4, 1, 'Включить режим осушения'),
('Очистка воздуха', 5, 7, 'Включить на полную мощность'),
('Закрытие окна', 6, 8, 'Отправить предупреждение'),
('Приветствие', 7, 3, 'Включить мягкий свет'),
('Отключение воды', 8, 10, 'Перекрыть воду'),
('Ночной режим', 9, 3, 'Уменьшить яркость до 30%'),
('Защита от скачков', 10, 4, 'Отключить питание');

INSERT INTO User_Preferences (user_id, preference_name, preference_value)
VALUES
(1, 'Язык', 'Русский'), (2, 'Тема', 'Темная'), (3, 'Уведомления', 'Все'),
(4, 'Температура', '22°C'), (5, 'Влажность', '50%'), 
(6, 'Безопасность', 'Высокая'), (7, 'Расписание', '09:00-18:00'),
(8, 'Экономия энергии', 'Да'), (9, 'Автоматизация', 'Полная'),
(10, 'Родительский контроль', 'Активен');